epoch,time,train/box_loss,train/cls_loss,train/dfl_loss,metrics/precision(B),metrics/recall(B),metrics/mAP50(B),metrics/mAP50-95(B),val/box_loss,val/cls_loss,val/dfl_loss,lr/pg0,lr/pg1,lr/pg2
1,15.9839,0.79957,2.52655,1.36849,0.84957,0.20474,0.266,0.18386,0.94642,3.00077,1.42537,0.0770023,2.3e-06,2.3e-06
2,31.71,0.64814,1.51409,1.21033,0.69985,0.35521,0.52506,0.4035,0.68703,1.62693,1.21757,0.0530047,4.69971e-06,4.69971e-06
3,62.8915,0.53843,1.12861,1.17187,0.79755,0.78799,0.87382,0.73401,0.50039,0.90467,1.05877,0.0290071,7.09858e-06,7.09858e-06
4,87.3051,0.53689,1.10693,1.1305,0.85557,0.81641,0.90892,0.78708,0.4339,0.72153,1.00814,0.00500949,9.49311e-06,9.49311e-06
5,120.961,0.55022,1.04585,1.14787,0.85335,0.879,0.94372,0.83002,0.39772,0.59981,0.98323,9.9863e-06,9.9863e-06,9.9863e-06
6,153.473,0.5337,1.02712,1.13575,0.85266,0.89624,0.95124,0.83903,0.39405,0.58938,0.98105,9.97398e-06,9.97398e-06,9.97398e-06
7,191.022,0.51099,0.96072,1.14141,0.86546,0.91623,0.95701,0.85018,0.38049,0.56721,0.97034,9.95869e-06,9.95869e-06,9.95869e-06
8,230.958,0.51091,1.00313,1.13556,0.8656,0.92211,0.96148,0.85773,0.36962,0.54844,0.96345,9.93577e-06,9.93577e-06,9.93577e-06
9,257.225,0.52222,0.93197,1.13928,0.89059,0.9122,0.96772,0.86794,0.37066,0.52017,0.96183,9.90788e-06,9.90788e-06,9.90788e-06
10,281.538,0.50912,0.93471,1.11053,0.90879,0.91193,0.96563,0.8615,0.38058,0.50576,0.96545,9.88537e-06,9.88537e-06,9.88537e-06
11,320.098,0.52005,0.88967,1.12865,0.88745,0.92263,0.97054,0.87494,0.37083,0.4953,0.95837,9.86514e-06,9.86514e-06,9.86514e-06
12,363.031,0.498,0.89316,1.11914,0.91269,0.9137,0.97539,0.87765,0.35813,0.49201,0.94923,9.82356e-06,9.82356e-06,9.82356e-06
13,389.562,0.47524,0.83283,1.08566,0.91549,0.92789,0.97725,0.8803,0.36468,0.47315,0.95031,9.77607e-06,9.77607e-06,9.77607e-06
14,413.916,0.46885,0.79941,1.09063,0.92713,0.91318,0.97904,0.88202,0.36308,0.46771,0.94911,9.74189e-06,9.74189e-06,9.74189e-06
15,431.252,0.47596,0.77389,1.07687,0.92544,0.92508,0.98286,0.88788,0.35341,0.45672,0.9416,9.71073e-06,9.71073e-06,9.71073e-06
16,451.771,0.45952,0.78944,1.07509,0.91337,0.94797,0.98313,0.89519,0.35371,0.44666,0.9407,9.68399e-06,9.68399e-06,9.68399e-06
17,498.634,0.48915,0.76495,1.10345,0.9005,0.97698,0.98612,0.89872,0.34802,0.43591,0.93463,9.65211e-06,9.65211e-06,9.65211e-06
18,523.268,0.48067,0.79814,1.07069,0.9082,0.97994,0.98886,0.89994,0.3499,0.42987,0.9357,9.58242e-06,9.58242e-06,9.58242e-06
19,577.847,0.44069,0.73376,1.08145,0.9406,0.96247,0.99033,0.9048,0.34468,0.41642,0.9307,9.54012e-06,9.54012e-06,9.54012e-06
20,595.647,0.4678,0.72296,1.07445,0.93624,0.9649,0.9908,0.90487,0.34269,0.41536,0.92908,9.43643e-06,9.43643e-06,9.43643e-06
21,626.121,0.48027,0.75222,1.10068,0.95438,0.96333,0.9896,0.90114,0.34821,0.40294,0.93066,9.40681e-06,9.40681e-06,9.40681e-06
22,661.116,0.47003,0.71362,1.10796,0.94994,0.97297,0.9912,0.90526,0.34138,0.39615,0.92426,9.34752e-06,9.34752e-06,9.34752e-06
23,695.524,0.45539,0.74472,1.07847,0.94301,0.96445,0.98939,0.90242,0.34381,0.39346,0.92682,9.27402e-06,9.27402e-06,9.27402e-06
24,709.721,0.46857,0.69304,1.07189,0.94561,0.9538,0.98915,0.90506,0.34696,0.38999,0.92748,9.19562e-06,9.19562e-06,9.19562e-06
25,725.686,0.47971,0.78897,1.0511,0.93598,0.97282,0.98779,0.9051,0.34953,0.3891,0.92854,9.16763e-06,9.16763e-06,9.16763e-06
26,749.308,0.42787,0.65807,1.05101,0.94112,0.96397,0.98819,0.90823,0.34866,0.38073,0.92832,9.12713e-06,9.12713e-06,9.12713e-06
27,764.523,0.45778,0.62029,1.04906,0.93264,0.96221,0.98758,0.90526,0.34481,0.37474,0.92533,9.07296e-06,9.07296e-06,9.07296e-06
28,804.973,0.4452,0.66382,1.067,0.95394,0.96667,0.9906,0.9098,0.34061,0.36047,0.92227,9.03306e-06,9.03306e-06,9.03306e-06
29,826.281,0.41587,0.63023,1.03828,0.95348,0.96561,0.99071,0.91277,0.3366,0.35467,0.9188,8.93099e-06,8.93099e-06,8.93099e-06
30,863.43,0.43944,0.64599,1.06458,0.95254,0.9652,0.99044,0.91279,0.33605,0.3519,0.91761,8.87402e-06,8.87402e-06,8.87402e-06
31,894.971,0.42529,0.63523,1.0343,0.95449,0.96402,0.99133,0.91512,0.33481,0.3475,0.9151,8.78036e-06,8.78036e-06,8.78036e-06
32,921.394,0.43505,0.57686,1.06571,0.95511,0.96582,0.99133,0.9176,0.33363,0.34149,0.91278,8.70191e-06,8.70191e-06,8.70191e-06
33,956.368,0.397,0.5697,1.03956,0.95508,0.96179,0.99184,0.91811,0.3266,0.33741,0.90937,8.62144e-06,8.62144e-06,8.62144e-06
34,989.617,0.46725,0.63235,1.04457,0.9551,0.96215,0.99184,0.91788,0.32569,0.33295,0.90771,8.51673e-06,8.51673e-06,8.51673e-06
35,1025.06,0.43259,0.55254,1.04521,0.94029,0.98055,0.99085,0.91377,0.32587,0.32945,0.90386,8.43118e-06,8.43118e-06,8.43118e-06
36,1046,0.43182,0.55817,1.04186,0.94136,0.97644,0.99133,0.91408,0.32398,0.32631,0.90335,8.31852e-06,8.31852e-06,8.31852e-06
37,1092.12,0.40254,0.57353,1.03137,0.93314,0.99205,0.99112,0.91905,0.32054,0.32352,0.90053,8.25448e-06,8.25448e-06,8.25448e-06
38,1120.32,0.44357,0.58414,1.04633,0.93365,0.98738,0.99094,0.91707,0.32506,0.32616,0.90215,8.10739e-06,8.10739e-06,8.10739e-06
39,1144.17,0.4343,0.57187,1.03986,0.93433,0.98565,0.9913,0.91868,0.32557,0.3221,0.90195,8.0121e-06,8.0121e-06,8.0121e-06
40,1156.25,0.42359,0.55661,1.02085,0.94974,0.97429,0.99106,0.91721,0.32439,0.31729,0.90074,7.94605e-06,7.94605e-06,7.94605e-06
41,1183.01,0.41277,0.53741,1.03696,0.95209,0.98215,0.99124,0.91843,0.3195,0.31533,0.89734,7.91122e-06,7.91122e-06,7.91122e-06
42,1208.59,0.41966,0.55751,1.04119,0.95183,0.98365,0.99159,0.9232,0.31607,0.31006,0.89523,7.81498e-06,7.81498e-06,7.81498e-06
43,1249.58,0.42486,0.53118,1.05275,0.94397,0.98826,0.99189,0.92522,0.3108,0.30303,0.89158,7.71727e-06,7.71727e-06,7.71727e-06
44,1279,0.42427,0.535,1.04086,0.95011,0.98557,0.9905,0.92466,0.31437,0.30357,0.89272,7.58348e-06,7.58348e-06,7.58348e-06
45,1318.03,0.41661,0.5345,1.04984,0.94952,0.99358,0.99214,0.93114,0.31023,0.29871,0.88927,7.48177e-06,7.48177e-06,7.48177e-06
46,1337.53,0.43159,0.53111,1.02046,0.9489,0.9893,0.99247,0.92931,0.31057,0.29647,0.88996,7.34081e-06,7.34081e-06,7.34081e-06
47,1366.38,0.42302,0.53031,1.0144,0.95028,0.98543,0.99272,0.92652,0.31112,0.29319,0.88994,7.2746e-06,7.2746e-06,7.2746e-06
48,1411.31,0.41002,0.52336,1.02569,0.94685,0.98963,0.99272,0.92755,0.31015,0.29263,0.88922,7.16927e-06,7.16927e-06,7.16927e-06
49,1439.14,0.43041,0.55272,1.03921,0.94997,0.98927,0.99062,0.92222,0.30982,0.29415,0.88827,7.02108e-06,7.02108e-06,7.02108e-06
50,1477.84,0.40405,0.47959,1.01631,0.95014,0.98971,0.99122,0.92388,0.30821,0.29013,0.88737,6.91242e-06,6.91242e-06,6.91242e-06
51,1496.53,0.42779,0.49518,1.03772,0.94826,0.99351,0.99272,0.93142,0.30454,0.2854,0.88447,6.75769e-06,6.75769e-06,6.75769e-06
52,1526.36,0.41496,0.48098,1.02716,0.95116,0.98943,0.99272,0.92976,0.30575,0.28515,0.88565,6.69242e-06,6.69242e-06,6.69242e-06
53,1555.9,0.42814,0.52467,1.02966,0.95152,0.98963,0.99272,0.92947,0.3047,0.28038,0.88455,6.58121e-06,6.58121e-06,6.58121e-06
54,1583.46,0.42605,0.47893,1.03753,0.95177,0.99095,0.99272,0.93463,0.30223,0.27651,0.88358,6.4693e-06,6.4693e-06,6.4693e-06
55,1623.87,0.43064,0.50878,1.05268,0.95365,1,0.99247,0.93423,0.30112,0.27406,0.8816,6.35676e-06,6.35676e-06,6.35676e-06
56,1644.72,0.39265,0.45349,1.02095,0.95251,1,0.99272,0.93609,0.30169,0.27716,0.8826,6.19251e-06,6.19251e-06,6.19251e-06
57,1677.76,0.41774,0.45044,1.03623,0.95446,1,0.99214,0.93499,0.30037,0.27487,0.87957,6.13007e-06,6.13007e-06,6.13007e-06
58,1697.96,0.43491,0.48689,1.03727,0.95458,0.99138,0.99184,0.93023,0.3004,0.27821,0.8793,6.01608e-06,6.01608e-06,6.01608e-06
59,1728.96,0.41606,0.49321,1.02427,0.95482,0.99138,0.99184,0.93476,0.30142,0.27654,0.87876,5.90174e-06,5.90174e-06,5.90174e-06
60,1753.65,0.42222,0.49066,1.04592,0.95562,0.99138,0.99305,0.9341,0.3017,0.27296,0.87868,5.78715e-06,5.78715e-06,5.78715e-06
61,1802.24,0.41815,0.49038,1.0477,0.95612,0.99138,0.99142,0.93267,0.30153,0.27662,0.87847,5.72792e-06,5.72792e-06,5.72792e-06
62,1834.66,0.42964,0.48264,1.02787,0.95438,0.99138,0.99162,0.93285,0.30201,0.27593,0.87799,5.5e-06,5.5e-06,5.5e-06
63,1854.21,0.43059,0.48184,1.0347,0.95135,0.99584,0.99305,0.93396,0.30004,0.26784,0.87686,5.38413e-06,5.38413e-06,5.38413e-06
64,1890.1,0.43989,0.53857,1.03452,0.9526,0.99555,0.9933,0.93482,0.30025,0.27067,0.87637,5.32764e-06,5.32764e-06,5.32764e-06
65,1926,0.39849,0.47497,1.00206,0.9547,0.98886,0.99364,0.93277,0.29864,0.27017,0.87661,5.15271e-06,5.15271e-06,5.15271e-06
66,1960.69,0.41431,0.4768,1.03131,0.95531,0.99989,0.99364,0.93492,0.29826,0.26378,0.8756,5.03731e-06,5.03731e-06,5.03731e-06
67,1984.42,0.42439,0.49412,1.02078,0.95363,0.9985,0.99364,0.93552,0.29719,0.26491,0.87446,4.92221e-06,4.92221e-06,4.92221e-06
68,2012.55,0.38587,0.427,1.00422,0.95725,1,0.9933,0.93521,0.29741,0.26361,0.87472,4.80749e-06,4.80749e-06,4.80749e-06
69,2044.83,0.41453,0.48314,1.01725,0.95953,1,0.99305,0.93545,0.29544,0.25854,0.8732,4.69324e-06,4.69324e-06,4.69324e-06
70,2073.66,0.39648,0.42807,1.00415,0.95847,0.99701,0.99305,0.93604,0.29528,0.2559,0.87287,4.57952e-06,4.57952e-06,4.57952e-06
71,2103.92,0.39962,0.4281,1.01182,0.95751,0.99835,0.99364,0.93509,0.29378,0.25996,0.87264,4.46641e-06,4.46641e-06,4.46641e-06
72,2131.06,0.40534,0.45856,1.01077,0.95566,0.99657,0.99389,0.93692,0.29363,0.25867,0.8721,4.35398e-06,4.35398e-06,4.35398e-06
73,2176.73,0.3902,0.42594,1.03253,0.95452,0.9953,0.99305,0.93626,0.29343,0.25449,0.87069,4.24231e-06,4.24231e-06,4.24231e-06
74,2227.6,0.41459,0.47835,1.02973,0.95778,0.99273,0.99272,0.93626,0.29255,0.25778,0.87058,4.06505e-06,4.06505e-06,4.06505e-06
75,2255.28,0.40719,0.48871,1.02212,0.95735,0.99535,0.9933,0.9383,0.29253,0.25032,0.87114,3.88734e-06,3.88734e-06,3.88734e-06
76,2296.68,0.37702,0.42139,1.01436,0.95739,0.99579,0.9933,0.93704,0.29183,0.24784,0.8707,3.77792e-06,3.77792e-06,3.77792e-06
77,2334.31,0.35953,0.38701,0.97353,0.96223,0.98657,0.99305,0.93911,0.29219,0.2486,0.86961,3.66969e-06,3.66969e-06,3.66969e-06
78,2358.13,0.40856,0.47976,1.01996,0.95273,0.99487,0.99364,0.93845,0.29006,0.25086,0.86976,3.49418e-06,3.49418e-06,3.49418e-06
79,2370.63,0.392,0.43864,0.99463,0.95501,0.99894,0.99364,0.93827,0.29225,0.25055,0.86998,3.38854e-06,3.38854e-06,3.38854e-06
80,2405.19,0.38978,0.41548,1.02703,0.9575,0.996,0.9933,0.93563,0.29105,0.2465,0.86933,3.35279e-06,3.35279e-06,3.35279e-06
81,2425.47,0.36051,0.38477,0.98742,0.96182,0.98801,0.99364,0.93856,0.28996,0.24778,0.86874,3.25e-06,3.25e-06,3.25e-06
82,2436.09,0.41807,0.47774,1.01114,0.95483,0.99575,0.99305,0.93693,0.28903,0.24895,0.86812,3.21636e-06,3.21636e-06,3.21636e-06
83,2460.27,0.40318,0.44782,1.01162,0.95635,0.99926,0.99305,0.9384,0.29097,0.25081,0.87023,3.18343e-06,3.18343e-06,3.18343e-06
84,2489.35,0.40744,0.43897,1.01026,0.95621,0.99823,0.9933,0.93928,0.29101,0.25221,0.86937,3.08487e-06,3.08487e-06,3.08487e-06
85,2504.83,0.39489,0.42026,1.0244,0.95588,0.99929,0.99364,0.93837,0.28941,0.24922,0.86897,2.9879e-06,2.9879e-06,2.9879e-06
86,2519.82,0.39845,0.44052,1.01537,0.95792,0.99827,0.99364,0.9373,0.28823,0.24728,0.86871,2.95828e-06,2.95828e-06,2.95828e-06
87,2558.51,0.39685,0.42739,1.00534,0.95714,0.99578,0.99389,0.93827,0.28799,0.24526,0.86826,2.86427e-06,2.86427e-06,2.86427e-06
88,2590.13,0.38355,0.43654,1.03247,0.95607,0.99539,0.99364,0.94005,0.28746,0.24432,0.8675,2.77199e-06,2.77199e-06,2.77199e-06
89,2626.6,0.39901,0.44761,1.01364,0.95492,0.99511,0.99389,0.94059,0.28866,0.24351,0.86736,2.68148e-06,2.68148e-06,2.68148e-06
90,2638.28,0.40005,0.42986,1.00131,0.95653,0.99447,0.99414,0.9365,0.28812,0.24559,0.86766,2.52932e-06,2.52932e-06,2.52932e-06
91,2679.65,0.3968,0.43874,1.04296,0.95829,0.99458,0.99389,0.94015,0.2874,0.24478,0.86717,2.50603e-06,2.50603e-06,2.50603e-06
92,2705.62,0.41505,0.46021,1.02866,0.95606,0.99561,0.99364,0.93804,0.28736,0.24599,0.86704,2.42121e-06,2.42121e-06,2.42121e-06
93,2747.64,0.38586,0.4182,0.98551,0.961,0.98692,0.99364,0.94057,0.28658,0.24315,0.86612,2.3384e-06,2.3384e-06,2.3384e-06
94,2791.5,0.38218,0.44262,1.02005,0.96115,0.98992,0.99389,0.93991,0.28698,0.2454,0.86578,2.19752e-06,2.19752e-06,2.19752e-06
95,2818.52,0.37466,0.40186,0.99319,0.95525,0.99621,0.99364,0.94005,0.28914,0.24393,0.86703,2.11991e-06,2.11991e-06,2.11991e-06
96,2845.85,0.40679,0.43168,1.01664,0.95528,0.99518,0.99389,0.93892,0.28664,0.24492,0.86631,2.04454e-06,2.04454e-06,2.04454e-06
97,2879.08,0.40307,0.42928,1.00831,0.96091,0.99079,0.99414,0.94283,0.287,0.24206,0.86695,1.97146e-06,1.97146e-06,1.97146e-06
98,2913.24,0.40527,0.4624,0.99657,0.95888,0.99523,0.99414,0.94104,0.28767,0.24378,0.86751,1.90072e-06,1.90072e-06,1.90072e-06
99,2929.87,0.39464,0.42117,1.01077,0.95964,1,0.99414,0.94242,0.28731,0.24265,0.86887,1.83237e-06,1.83237e-06,1.83237e-06
100,2942.5,0.40809,0.41101,1.00739,0.96356,0.99835,0.99414,0.93802,0.28666,0.2431,0.8673,1.76645e-06,1.76645e-06,1.76645e-06
101,2954.02,0.39877,0.42967,1.00378,0.95433,1,0.99414,0.94213,0.28715,0.24453,0.86706,1.7544e-06,1.7544e-06,1.7544e-06
102,2965.75,0.39887,0.43618,1.0179,0.95542,1,0.99414,0.9418,0.28764,0.24423,0.86713,1.69193e-06,1.69193e-06,1.69193e-06
103,3001.54,0.39472,0.4301,1.00973,0.96247,0.9994,0.99414,0.94087,0.28854,0.24389,0.86751,1.6811e-06,1.6811e-06,1.6811e-06
104,3040.5,0.38455,0.41397,1.01232,0.96136,0.9948,0.99414,0.93956,0.28682,0.24346,0.86674,1.62203e-06,1.62203e-06,1.62203e-06
105,3070.93,0.37146,0.40691,0.99192,0.95811,0.99644,0.99389,0.94355,0.28447,0.24176,0.86379,1.56544e-06,1.56544e-06,1.56544e-06
106,3092.91,0.3839,0.47311,0.98018,0.96702,0.99172,0.99414,0.93972,0.28455,0.24279,0.86475,1.46725e-06,1.46725e-06,1.46725e-06
107,3116.22,0.39287,0.40935,1.00527,0.9556,0.99662,0.99389,0.94077,0.28353,0.24445,0.86459,1.45988e-06,1.45988e-06,1.45988e-06
108,3170.27,0.40683,0.44994,1.05861,0.97349,0.98306,0.99414,0.93848,0.28451,0.2403,0.86414,1.41097e-06,1.41097e-06,1.41097e-06
109,3207.97,0.39554,0.42967,1.00733,0.96785,0.99184,0.99414,0.94095,0.28385,0.23614,0.8652,1.32624e-06,1.32624e-06,1.32624e-06
110,3227.03,0.38764,0.42898,0.98345,0.96849,0.99354,0.99414,0.94267,0.28552,0.24105,0.86511,1.28464e-06,1.28464e-06,1.28464e-06
111,3261.67,0.40847,0.41667,1.02498,0.96145,1,0.99414,0.94175,0.28622,0.24008,0.86602,1.24579e-06,1.24579e-06,1.24579e-06
112,3286.98,0.3902,0.45113,1.01138,0.96674,1,0.99414,0.94169,0.28469,0.23851,0.8659,1.20972e-06,1.20972e-06,1.20972e-06
113,3324.51,0.40709,0.41757,1.01561,0.96471,1,0.99414,0.94175,0.2847,0.23997,0.86693,1.17644e-06,1.17644e-06,1.17644e-06
114,3363.78,0.33494,0.33822,0.92464,0.96931,0.99633,0.99414,0.93714,0.28461,0.23917,0.86586,1.14599e-06,1.14599e-06,1.14599e-06
115,3414.03,0.34152,0.3421,0.93878,0.9622,0.98915,0.99389,0.94179,0.29098,0.24782,0.8679,1.09515e-06,1.09515e-06,1.09515e-06
116,3438.71,0.33995,0.34225,0.91038,0.96188,0.98751,0.99389,0.94167,0.29662,0.24513,0.86989,1.07291e-06,1.07291e-06,1.07291e-06
117,3483.36,0.36927,0.37814,0.96378,0.9578,0.98816,0.99389,0.94441,0.3011,0.2431,0.87014,1.0536e-06,1.0536e-06,1.0536e-06
118,3521.14,0.34604,0.32129,0.93476,0.9725,0.98347,0.99388,0.93962,0.30364,0.24445,0.87314,1.02425e-06,1.02425e-06,1.02425e-06
119,3550.5,0.34101,0.35039,0.9505,0.96961,0.98503,0.99388,0.94037,0.30618,0.24398,0.8752,1.01364e-06,1.01364e-06,1.01364e-06
120,3575.59,0.34304,0.34336,0.91432,0.96864,0.99187,0.99414,0.94108,0.30451,0.23978,0.87428,1.00607e-06,1.00607e-06,1.00607e-06
121,3607.69,0.36013,0.3404,0.96733,0.97367,0.98584,0.99414,0.94317,0.30154,0.24111,0.87222,1.00152e-06,1.00152e-06,1.00152e-06
